Variable,Importancia
amount,0.32453603
gender,0.27351525
category,0.24732062
step,0.1666803
merchant,0.14956996
zipcodeOri,0.108505435
customer,0.10820577
age,0.10232842
zipMerchant,0.100464255
